p_norm,activation_time,max_equivalent_penetration,final_equivalent_penetration
2.0000000000,0.2250000000,0.0107178703,0.0107178703
4.0000000000,0.2250000000,0.0123020699,0.0123020699
6.0000000000,0.2375000000,0.0131876821,0.0131876821
