best_stiffness,best_damping,best_peak_penetration,best_final_tilt_deg,best_score
100000.0000000000,150.0000000000,0.0117337056,4.1300781310,0.0137987446
