heavy_mass,mass_ratio,converged,iterations,residual_inf,heavy_speed,light_speed
1.0000000000,1.0000000000,1.0000000000,6.0000000000,0.0000000000,0.3200000000,0.1600000000
10.0000000000,10.0000000000,1.0000000000,6.0000000000,0.0000000000,0.3200000000,0.1600000000
100.0000000000,100.0000000000,1.0000000000,6.0000000000,0.0000000000,0.3200000000,0.1600000000
1000.0000000000,1000.0000000000,1.0000000000,6.0000000000,0.0000000000,0.3200000000,0.1600000000
