gap_error_p2_at_64,gap_error_p6_at_64,reference_resolution
0.0814518756,0.2970955326,128.0000000000
