max_mass_ratio,min_converged,max_iterations,max_residual_inf
1000.0000000000,1.0000000000,6.0000000000,0.0000000000
