stop_time_4d,stop_time_3d,final_omega_4d,final_omega_3d,spin_decay_ratio,peak_residual_4d,peak_residual_3d,peak_penetration_4d,peak_penetration_3d
0.3100000000,1.2000000000,0.0000157721,2.1928070289,0.9999928074,3.0492589212,0.8986561260,0.0527726035,0.0190250407
